Step,x,y
1,-0.152564,51.503921
2,-0.152886,51.503413
3,-0.154924,51.50312
4,-0.160289,51.502612
5,-0.171039,51.502198
6,-0.174687,51.502692
7,-0.173764,51.504535
8,-0.172992,51.505884
9,-0.172112,51.506806
10,-0.170588,51.506432
11,-0.169022,51.506018
12,-0.163958,51.506018
13,-0.162542,51.505871
14,-0.160117,51.50535
15,-0.152628,51.503938